{
  "mercury": {
    "a": 0.38709843, "a_t": 0.0,
    "e": 0.20563661, "e_t": 0.00002123,
    "i": 7.00497902, "i_t": 0.00181857,
    "w": 77.45779628, "w_t": 0.16047689,
    "node": 48.33076593, "node_t": -0.12534081,
    "L": 252.250906, "L_t": 149474.0722491
  },
  "venus": {
    "a": 0.72335566, "a_t": 0.0,
    "e": 0.00677672, "e_t": -0.00004107,
    "i": 3.39467605, "i_t": 0.00089937,
    "w": 131.60246718, "w_t": 0.00268332,
    "node": 76.67992019, "node_t": -0.27769432,
    "L": 181.9790995, "L_t": 58519.2130302
  },
  "earth": {
    "a": 1.00000261, "a_t": 0.0,
    "e": 0.01671123, "e_t": -0.00004392,
    "i": -0.00001531, "i_t": -0.01294767,
    "w": 102.93768193, "w_t": 0.32327342,
    "node": 0.0, "node_t": 0.0,
    "L": 100.46457166, "L_t": 35999.37244981
  },
  "mars": {
    "a": 1.52371234, "a_t": 0.0,
    "e": 0.09393808, "e_t": 0.00009149,
    "i": 1.84969142, "i_t": -0.00813131,
    "w": -23.94362959, "w_t": 0.44441088,
    "node": 49.55953891, "node_t": -0.29257343,
    "L": -4.55375309, "L_t": 19141.6964470
  },
  "jupiter": {
    "a": 5.20288700, "a_t": -0.00011607,
    "e": 0.04838624, "e_t": -0.00013253,
    "i": 1.30439795, "i_t": -0.00183714,
    "w": 14.72846888, "w_t": 0.21252668,
    "node": 100.47390909, "node_t": 0.20469106,
    "L": 34.39644051, "L_t": 3036.3027748
  },
  "saturn": {
    "a": 9.53667567, "a_t": -0.00125047,
    "e": 0.05386179, "e_t": -0.00050991,
    "i": 2.48599187, "i_t": 0.00193609,
    "w": 92.59887871, "w_t": -0.41897216,
    "node": 113.66242448, "node_t": -0.28867794,
    "L": 49.95424423, "L_t": 1223.5070888
  }
}
